Model-CV,Accuracy
SVM-2,0.57311535
SVM-4,0.578020034
SVM-5,0.575661351
KNN-2,0.551407811
KNN-4,0.545685329
KNN-5,0.547229387
RF-2,0.887375114
RF-4,0.954578488
RF-5,0.958382553
